﻿<?xml version="1.0" encoding="utf-8" ?>
<configuration>
  
  <!-- If any file Path is not full path or absolute path then files or directory will be created at same location as exe -->
  
  <!--Current server version, helpful during upgrades-->
  <ServerVersion>2.0.0.0</ServerVersion>
  
  <!--TCP port-->
  <TCPPort>5000</TCPPort>
  <!--Read and Send timeout applies to authenticated users only in case client disconnects without closing connection-->
  <ConnectionReadTimeout>30000</ConnectionReadTimeout>
  <ConnectionSendTimeout>30000</ConnectionSendTimeout>
  <!-- File path and name of system database, it is used internally as name of "System" and "sys" as schema name 
  if system database does not exists on specified path it is automatically created.
  -->
  <SystemDatabaseFilePath>SQLDatabase.Net.Server.db</SystemDatabaseFilePath>
  <!--User databases name folder, all database are created under this directory with their own name directory-->
  <DatabasesDirectory>Data</DatabasesDirectory>    
  <JournalFilesDirectory>Journal</JournalFilesDirectory>
  <TempDataFilesDirectory>Temp</TempDataFilesDirectory>
  <!--Enable to disable the database cache, enabling it will keep performance optimal-->
  <EnableDatabaseCache>true</EnableDatabaseCache>
  <DatabaseCacheMaxObjectCount>10000</DatabaseCacheMaxObjectCount>
  <DatabaseCacheMaxResultSetCount>5000</DatabaseCacheMaxResultSetCount>
  <!--Enable cache server which is different from database cache, amount of memory used by cache can also be set.-->
  <EnableCacheServer>true</EnableCacheServer>
  <CacheServerMemoryLimitInMegabytes>100</CacheServerMemoryLimitInMegabytes>
  <CacheServerMaxObjectCount>10000</CacheServerMaxObjectCount>

  <!-- Leave blank to disable otherwise File Path to text file for failed login attempts e.g. FailedLogInLog.txt-->
  <FailedLoginLogFile></FailedLoginLogFile>
  <!-- Leave blank to disable otherwise File Path to text file for successful logins e.g. SuccessfulLogInLog.txt-->
  <SuccessfulLoginLogFile></SuccessfulLoginLogFile>

  <!-- Works similar to SSL but more secure and easily changeable when sending and receiving bytes over the network-->
  <EnforceInFlightEncryption>false</EnforceInFlightEncryption>
  <!-- 16 number between 1 to 127 as salt bytes -->
  <InFlightAES256SaltBytes>127, 117, 25, 56, 59, 100, 36, 11, 84, 67, 96, 10, 24, 111, 112, 38</InFlightAES256SaltBytes>
  <InFlightAES256Password>BytesSentOverNetworkEncrypionDecryptionPassword</InFlightAES256Password>

  <!-- must be true to enforce IP restrictions -->
  <EnforceAllowedIPAddresses>false</EnforceAllowedIPAddresses>
  <!-- Leave blank to disable logging otherwise File Path to text file 
  for failed attempts from restricted IP Address e.g. DisallowedIPAddressesLog.txt-->
  <DisallowedIPAddressesLogFile>DisallowedIPAddressesLog.txt</DisallowedIPAddressesLogFile>
  <AllowedIPAddresses>
    <Range>
      <StartIPAddress>127.0.0.1</StartIPAddress>
      <EndIPAddress>127.0.0.1</EndIPAddress>
    </Range>
    <Range>
      <StartIPAddress>192.168.0.1</StartIPAddress>
      <EndIPAddress>192.168.0.255</EndIPAddress>
    </Range>
  </AllowedIPAddresses>

</configuration>

